,,,,,,
,,,,,,
,일타스캔들,"Crash Course in Romance: Season 1

",,,,
,더 글로리,"The Glory: Season 1

",,,,
,재벌집 막내아들,"Reborn Rich

",,,,
,슈룹,"Under the Queen's Umbrella: Season 1

",,,,
,작은아씨들,"Little Women: Season 1

",,,,
,수리남,"Narco-Saints: Season 1

",,,,
,환혼,"Alchemy of Souls: Season 1

",,,,
,이상한 변호사 우영우,"Extraordinary Attorney Woo: Season 1

",,,,
,종이의 집 공동경제구역,"Money Heist: Korea - Joint Economic Area: Season 1

",,,,
,우리들의 블루스,"Our Blues: Season 1

",,,,
,나의 해방일지,"My Liberation Notes: Season 1

",,,,
,스물다섯 스물하나,"Twenty Five Twenty One: Season 1

",,,,
,소년심판,"Juvenile Justice: Season 1

",,,,
,지금우리학교는,"All of Us Are Dead: Season 1

",,,,
,그해 우리는,"Our Beloved Summer: Season 1

",,,,
,고요의 바다,"The Silent Sea: Season 1

",,,,
,먹보와 털보,"The Hungry and the Hairy: Season 1

",,,,
,연모,"The King's Affection: Season 1

",,,,
,지옥,"Hellbound: Season 1

",,,,
,마이네임,My Name: Season 1,,,,
,갯마을 차차차,Hometown Cha-Cha-Cha: Season 1,,,,
,오징어게임,"Squid Game: Season 1

",,,,
,D.P.,"D.P.: Season 1

",,,,
,슬기로운 의사생활,Hospital Playlist: Season 2,,,,
